cluster,Count,Recency,Frequency,Monetary
0,3512,98.80609339407745,3.8015375854214124,1698.8928228929383
1,408,35.416666666666664,8.075980392156863,3288.921470588235
