Cluster,Total Cost,Projected Revenue,ROI (%)
0,3799.0,416520.18383999995,10863.942717557251
1,242.0,82437.41024999997,33965.04555785123
